{
  "armSwingVelocities": [
    2.8951796918569803,
    2.8917595250816546,
    7.332397395505163,
    4.145353543770905,
    13.975504226481883,
    3.4043246187595946,
    8.518451228419552,
    4.143247563226261,
    12.246865324865999,
    19.865380481799676,
    14.242528661032457,
    6.15151037240774,
    12.07250703116664,
    17.03041432489327,
    17.556520335962496,
    3.3511407430373685,
    9.69456131512309,
    13.741030591152045,
    20.076630931131103,
    10.384969576924199,
    10.144365772901974,
    36.85918327595086,
    40.94807732282615,
    7.572901561175795,
    9.11788708072212,
    8.95640397222568,
    5.931920984614807,
    2.2871823908367164,
    11.761355459154478,
    3.430715178068221,
    6.466309608052413,
    2.514717708229321,
    2.7435809335566215
  ],
  "bodyMovementVelocities": [
    1.0183209719662758,
    0.6779774353563619,
    1.2062194143485119,
    0.6942131787781356,
    2.590507315433548,
    0.6676378061010907,
    2.360960843432162,
    2.3433573853468133,
    2.350215947633309,
    4.630655974637111,
    2.798085700886658,
    2.006371461121332,
    3.0184970729612517,
    2.393524090758559,
    5.012893664969752,
    1.2337130073777982,
    4.133572216933291,
    2.846672269057176,
    5.162109732758684,
    2.7422417641779036,
    3.178675827704279,
    2.5704422569057837,
    4.750843412139301,
    3.3626268587884374,
    2.827653617637366,
    2.4716923241895734,
    4.765266940898859,
    1.2832565097445643,
    3.141399457794353,
    0.6162763002950721,
    1.2326526733940468,
    0.7092215895932924,
    0.8472716025844561
  ],
  "overallIntensities": [
    3.913500663823256,
    3.5697369604380165,
    8.538616809853675,
    4.839566722549041,
    16.56601154191543,
    4.071962424860685,
    10.879412071851714,
    6.486604948573074,
    14.597081272499308,
    24.496036456436787,
    17.040614361919115,
    8.157881833529071,
    15.091004104127892,
    19.423938415651826,
    22.569414000932248,
    4.584853750415167,
    13.82813353205638,
    16.58770286020922,
    25.238740663889786,
    13.127211341102102,
    13.323041600606253,
    39.42962553285665,
    45.698920734965455,
    10.935528419964232,
    11.945540698359487,
    11.428096296415253,
    10.697187925513667,
    3.570438900581281,
    14.902754916948831,
    4.046991478363293,
    7.69896228144646,
    3.2239392978226133,
    3.5908525361410777
  ],
  "releasePointFrame": 22,
  "actionPhases": {
    "runUp": {
      "start": 0,
      "end": 18
    },
    "delivery": {
      "start": 18,
      "end": 24
    },
    "followThrough": {
      "start": 24,
      "end": 32
    }
  }
}