{
  "armSwingVelocities": [
    2.779903359174078,
    3.0641600444066457,
    7.6209832592994555,
    3.9180820684719064,
    14.492527951503812,
    3.459443414051509,
    8.726430482708869,
    4.502876326229691,
    12.386387713310073,
    21.05128624926732,
    13.738132877138627,
    5.8144799721185105,
    7.364916504879046,
    12.40821656996321,
    17.273373336078066,
    3.240219204961528,
    10.036129730887572,
    11.410131178471712,
    17.378565956767858,
    16.31347350044575,
    11.493388086733042,
    32.72273604872715,
    31.225483239373656,
    23.194710547084366,
    15.862614986437354,
    9.852120599151439,
    6.743255791322137,
    2.8257299158131515,
    10.291608780070147,
    3.2427117771294696,
    6.474970945359184,
    2.5848611142418703,
    2.81221511299961
  ],
  "bodyMovementVelocities": [
    0.9756905192745656,
    0.7073483491925271,
    1.3958249805774985,
    0.8952518130050514,
    2.905861279289424,
    0.7529606620410023,
    2.7843005552203883,
    1.8995650410075464,
    2.502824111216762,
    4.920461642637963,
    3.167622654954653,
    1.9033224274117193,
    2.856557984979702,
    2.270303924367741,
    4.903465454341099,
    1.1876102759123175,
    4.096174389763905,
    2.6334470389454916,
    4.769431289085905,
    2.9485271865600597,
    2.6204936925765,
    2.5999815536012356,
    3.2441007043447363,
    3.342229962418012,
    3.2820208318678756,
    2.3071996373018653,
    5.173521635385915,
    1.1202844603690996,
    3.276388409200623,
    0.5763797584861221,
    1.106637335633793,
    0.8070281889504147,
    0.7576446701649784
  ],
  "overallIntensities": [
    3.755593878448644,
    3.7715083935991727,
    9.016808239876955,
    4.813333881476958,
    17.398389230793235,
    4.212404076092511,
    11.510731037929258,
    6.402441367237238,
    14.889211824526836,
    25.971747891905284,
    16.90575553209328,
    7.71780239953023,
    10.221474489858748,
    14.678520494330952,
    22.176838790419165,
    4.427829480873846,
    14.132304120651476,
    14.043578217417203,
    22.147997245853762,
    19.26200068700581,
    14.11388177930954,
    35.32271760232838,
    34.46958394371839,
    26.53694050950238,
    19.14463581830523,
    12.159320236453304,
    11.916777426708052,
    3.946014376182251,
    13.56799718927077,
    3.8190915356155917,
    7.581608280992977,
    3.391889303192285,
    3.5698597831645884
  ],
  "releasePointFrame": 21,
  "actionPhases": {
    "runUp": {
      "start": 0,
      "end": 19
    },
    "delivery": {
      "start": 19,
      "end": 25
    },
    "followThrough": {
      "start": 25,
      "end": 32
    }
  }
}