{
  "armSwingVelocities": [
    1.8506663065768771,
    1.4093719817766996,
    1.0859776327341777,
    2.4799126065658466,
    1.260494532872505,
    1.8366531850150964,
    1.9911282273091646,
    2.3624700572132764,
    1.5006193475919545,
    2.187891520823503,
    1.2598637636523544,
    4.143705935086301,
    3.6877293235518254,
    1.9371105912169437,
    1.9247567500319842,
    2.591379951164072,
    1.3852705835072534,
    2.235886809370678,
    2.026992959060304,
    4.645404762772853,
    1.8714680585281516,
    1.2593569888346385,
    1.9322728737751118,
    10.73654175922728,
    7.86437123431232,
    6.574215907552092,
    4.033883616037034,
    25.89921346287182,
    4.08601421661763,
    2.197134839810795,
    4.786561123314984,
    3.009198935158141,
    2.9893710524658585,
    13.489091940553015,
    3.1393240607984367,
    8.7391575480198,
    3.8992496760151183,
    9.161371918901622,
    14.120809311180173,
    14.581913974767007,
    6.267960099322397,
    2.017402559812307,
    4.864409533078957,
    0,
    0,
    0,
    155.84646153358807,
    7.019188312190268,
    1.924087378341581,
    1.2963333434121758,
    2.0541099975851975
  ],
  "bodyMovementVelocities": [
    2.502385592462812,
    1.251833882536292,
    1.4848134167941234,
    2.938995458422991,
    1.3627888363710299,
    1.8404370121308202,
    1.5559881165723983,
    2.2505120681230166,
    1.1871341699505005,
    1.343791999344118,
    1.340483876348888,
    3.6144093873361247,
    2.5888267120222723,
    1.9908750471454897,
    2.1237705106523745,
    2.6835809284205396,
    1.1798142919615513,
    1.3848096260692646,
    2.1999357245980398,
    3.54834638628006,
    1.6946881448193691,
    1.4854565927435177,
    1.9291739490460182,
    2.1422430416139857,
    1.8470274337697996,
    1.584132390092663,
    1.537099229020838,
    29.29201903149316,
    6.63831351073691,
    3.9804835341790286,
    2.0686528502333803,
    2.0329362337055796,
    2.673093127138677,
    4.716735760079749,
    3.0837957198598747,
    8.171664392224008,
    3.0097499573861555,
    3.0289202667379964,
    11.612554182402151,
    11.061372956871828,
    5.9827137740194765,
    3.0473204386682697,
    3.890709639109085,
    8.567754422117185,
    8.902676607711587,
    11.770239563850366,
    11.52352633243757,
    5.622037149389783,
    2.2564924806241216,
    1.5628285189085225,
    0.9079256396198694
  ],
  "overallIntensities": [
    4.35305189903969,
    2.6612058643129917,
    2.5707910495283013,
    5.4189080649888375,
    2.623283369243535,
    3.6770901971459167,
    3.547116343881563,
    4.612982125336293,
    2.687753517542455,
    3.531683520167621,
    2.6003476400012424,
    7.758115322422425,
    6.276556035574098,
    3.9279856383624336,
    4.0485272606843585,
    5.2749608795846115,
    2.5650848754688047,
    3.6206964354399425,
    4.226928683658343,
    8.193751149052913,
    3.5661562033475205,
    2.744813581578156,
    3.8614468228211303,
    12.878784800841265,
    9.71139866808212,
    8.158348297644755,
    5.5709828450578724,
    55.19123249436498,
    10.72432772735454,
    6.177618373989823,
    6.855213973548365,
    5.042135168863721,
    5.662464179604536,
    18.205827700632764,
    6.223119780658312,
    16.910821940243807,
    6.908999633401274,
    12.190292185639619,
    25.733363493582324,
    25.643286931638833,
    12.250673873341874,
    5.064722998480576,
    8.755119172188042,
    8.567754422117185,
    8.902676607711587,
    11.770239563850366,
    167.36998786602564,
    12.641225461580051,
    4.180579858965703,
    2.8591618623206982,
    2.9620356372050667
  ],
  "releasePointFrame": 46,
  "actionPhases": {
    "runUp": {
      "start": 0,
      "end": 43
    },
    "delivery": {
      "start": 43,
      "end": 49
    },
    "followThrough": {
      "start": 49,
      "end": 50
    }
  }
}