{
  "armSwingVelocities": [
    1.2191107898560019,
    0.7181659128219188,
    0.9685781517212293,
    0.5047098612598564,
    1.988869383441561,
    1.351869004319028,
    3.722408318594344,
    0.3472421246701725,
    3.9852163741500295,
    1.049979816716466,
    1.593873650654374,
    0.5530867804401538,
    1.1770044992885114,
    0.9055427799304028,
    1.8567074416499134,
    0.3438808596166096,
    2.682683283937638,
    1.9107906507571064,
    4.028225912999561,
    0.8493202963941443,
    1.9014269596687476,
    1.2567404882719901,
    1.3965357798493319,
    0.7977644754994258,
    1.5674814471328498,
    1.5461823050817425,
    3.248335035329083,
    0.4841718551048252,
    5.203528811117061,
    1.7911686892089298,
    2.2400636729189953,
    0.4840482608466709,
    1.853142569095326,
    1.034865517573716,
    2.4180003468112328,
    0.34383331515987464,
    2.747489280594741,
    1.481207940748829,
    3.4085709159148525,
    22.92330373732699,
    17.859472924281704,
    1.2931319953721945,
    3.961936208424463,
    0.23755031768955326,
    4.7723943710873185,
    6.1910739809545845,
    15.464867019266077,
    0.6280995130752879,
    9.553929384615596,
    4.102443139418659,
    7.225340481499787,
    2.0274608833996433,
    4.665181674397589,
    4.5240892306690395,
    4.296463918484273,
    1.247792741163187,
    17.477612661453662,
    37.353772304170505,
    10.263988592735496,
    0.4938042496225804,
    30.208937281975302,
    14.1711215004906,
    21.811344870154752,
    4.849321779770062,
    6.478939753986561,
    6.7050848135517205,
    14.141466885691168,
    4.175522768047329,
    6.206466214031568,
    2.1691990714703584,
    4.324719240803362,
    0.874630458053331,
    2.55795516109525,
    1.4918456491118202,
    6.1228738732441474,
    0.9759307730345304,
    7.45679113898862,
    4.0920112689398485,
    4.121597250063538,
    1.0684776274054577,
    4.201842459022607,
    2.4141325938918516,
    4.585122712215625,
    0.8128386050721489,
    2.1199985137160566,
    0.6216642658966783,
    1.1309370621481531,
    0.44867539662757017,
    4.780585152632279,
    3.410978832061746,
    5.167773412571822
  ],
  "bodyMovementVelocities": [
    1.439517022833926,
    1.1609494474135194,
    1.420171592376265,
    0.2911134919587158,
    1.5578482492841879,
    0.729972970302197,
    3.1122392210838092,
    0.5741584392376726,
    4.175521732163349,
    0.9162856257465667,
    1.9744786140266366,
    0.35716244134339364,
    1.9951430031706585,
    0.9877899432753777,
    1.7028045247549133,
    0.42735924406071674,
    1.634093019989821,
    1.9336453943424596,
    3.967355575805702,
    0.5270750038083927,
    2.2050776438270736,
    1.382290813022471,
    2.223712637611137,
    0.42801072234875864,
    1.9456026280460492,
    0.8275949562529765,
    2.338557042512886,
    0.34442004798173653,
    4.728607814888836,
    2.200742482562114,
    2.4109355439384266,
    0.4230116568576935,
    2.6046081427186976,
    1.2875607735767682,
    2.911353936861869,
    0.2841111251161596,
    2.3448015278563163,
    1.176711125330523,
    1.7225499302098168,
    10.796224219968986,
    9.757101227142147,
    1.9115676791350762,
    2.102135077816792,
    0.3573189001420569,
    2.3257879456315305,
    1.4974463524693742,
    4.108182342769802,
    0.7403086901412567,
    3.9689876845395364,
    3.4136243771237895,
    8.171233235790401,
    1.4838385455778276,
    5.260613538148624,
    3.2054720998889605,
    3.9122935713005536,
    0.7673849129320447,
    9.829150453435595,
    13.762861808221176,
    3.3448014978355873,
    0.42754648384210625,
    7.52493733384477,
    9.575448562050651,
    17.856524320807146,
    3.390414032874029,
    7.237221148978483,
    2.02203364545413,
    8.27371474468108,
    1.7334074453748,
    4.839135756501503,
    1.716605821853467,
    3.0064935277223936,
    0.39088724853896084,
    1.494812972672118,
    1.0570910301555654,
    4.206247393072567,
    0.9478458583315736,
    2.572380115628404,
    1.6332220234138832,
    1.7239210126268827,
    0.7233177507483696,
    5.069204716975768,
    2.9453856365604927,
    3.9349414259381312,
    1.1506395578410713,
    1.679744099039584,
    0.5838696388271049,
    1.523006077599466,
    0.4269214307662977,
    4.238466780983346,
    2.5769684038580114,
    3.83164885625584
  ],
  "overallIntensities": [
    2.658627812689928,
    1.879115360235438,
    2.3887497440974945,
    0.7958233532185721,
    3.546717632725749,
    2.081841974621225,
    6.834647539678153,
    0.9214005639078451,
    8.160738106313378,
    1.9662654424630328,
    3.5683522646810104,
    0.9102492217835474,
    3.17214750245917,
    1.8933327232057806,
    3.559511966404827,
    0.7712401036773263,
    4.316776303927459,
    3.844436045099566,
    7.995581488805263,
    1.376395300202537,
    4.1065046034958215,
    2.639031301294461,
    3.620248417460469,
    1.2257751978481843,
    3.5130840751788988,
    2.373777261334719,
    5.586892077841969,
    0.8285919030865617,
    9.932136626005896,
    3.9919111717710436,
    4.6509992168574215,
    0.9070599177043643,
    4.457750711814024,
    2.3224262911504843,
    5.329354283673101,
    0.6279444402760342,
    5.092290808451057,
    2.657919066079352,
    5.131120846124669,
    33.71952795729597,
    27.61657415142385,
    3.2046996745072707,
    6.064071286241255,
    0.5948692178316102,
    7.098182316718849,
    7.688520333423959,
    19.573049362035878,
    1.3684082032165445,
    13.522917069155133,
    7.516067516542448,
    15.396573717290188,
    3.5112994289774706,
    9.925795212546213,
    7.729561330558,
    8.208757489784826,
    2.0151776540952318,
    27.306763114889257,
    51.11663411239168,
    13.608790090571084,
    0.9213507334646867,
    37.73387461582007,
    23.746570062541252,
    39.667869190961895,
    8.23973581264409,
    13.716160902965044,
    8.727118459005851,
    22.415181630372246,
    5.908930213422129,
    11.04560197053307,
    3.8858048933238254,
    7.331212768525756,
    1.2655177065922918,
    4.052768133767367,
    2.5489366792673858,
    10.329121266316715,
    1.923776631366104,
    10.029171254617024,
    5.725233292353732,
    5.845518262690421,
    1.7917953781538274,
    9.271047175998374,
    5.359518230452345,
    8.520064138153757,
    1.96347816291322,
    3.7997426127556406,
    1.2055339047237832,
    2.653943139747619,
    0.8755968273938679,
    9.019051933615625,
    5.987947235919757,
    8.999422268827661
  ],
  "releasePointFrame": 57,
  "actionPhases": {
    "runUp": {
      "start": 0,
      "end": 58
    },
    "delivery": {
      "start": 58,
      "end": 64
    },
    "followThrough": {
      "start": 64,
      "end": 90
    }
  }
}