{
  "armSwingVelocities": [
    0.4037624174299719,
    1.1293212928809955,
    1.6076667394139434,
    0.51505963691964,
    1.6374489496045732,
    0.9855759653835867,
    0.5829462269904572,
    1.5962050345684173,
    0.4241361202753961,
    1.651178594996537,
    1.8925040074085844,
    0.7629704419735385,
    1.3643260661279646,
    1.5397211977073517,
    1.9740406483228707,
    0.9078051888022135,
    2.9520135469823114,
    0.8686906144402788,
    1.462881053511227,
    0.7196015484475846,
    2.23228578995057,
    1.1248276387003606,
    2.294615610422234,
    1.0633647682795317,
    1.7064026313170613,
    1.8530978872366304,
    1.2524978999162555,
    1.5947045445167358,
    0.8649773230671661,
    3.0495822490167184,
    2.6394162879003797,
    2.7213442030972215,
    2.315843524841562,
    2.2555390926586623,
    4.092570385102033,
    5.528509658155897,
    6.933687754015613,
    3.609889375241523,
    2.3983617848972423,
    14.475682644616164,
    8.82835223569232,
    20.656546405751985,
    15.095598737600701
  ],
  "bodyMovementVelocities": [
    0.6637931039071958,
    0.8339439498025312,
    1.066949513957657,
    0.47094547923452895,
    0.36510476343786824,
    0.5255635843859882,
    0.4573365791581504,
    0.7703498680765097,
    0.30247712986606984,
    0.8748415760473367,
    0.8268282480676976,
    0.7402448399999026,
    0.6081750291106455,
    0.8765929845880012,
    1.2724298981754705,
    0.5412780475349165,
    1.381361042336232,
    0.6078464478739493,
    0.7921302860018788,
    0.9919846891176423,
    1.1064203644696915,
    1.1954656590529484,
    1.2031133745032794,
    0.6349241072577665,
    0.9208204958067274,
    0.7620116694685602,
    0.6178056462363788,
    1.6078361445107936,
    1.5214282197325377,
    0.7172211521536347,
    0.5476226831186137,
    1.5143225116196206,
    2.409634022553962,
    0.7641696869902115,
    0.8595736480265217,
    2.1000938060391445,
    2.605509228565117,
    3.8595228549687532,
    1.9276988181933972,
    4.398873493398392,
    4.005985647187894,
    11.354413094622501,
    10.172740116235286
  ],
  "overallIntensities": [
    1.0675555213371677,
    1.9632652426835266,
    2.6746162533716005,
    0.986005116154169,
    2.0025537130424413,
    1.5111395497695748,
    1.0402828061486076,
    2.366554902644927,
    0.7266132501414659,
    2.5260201710438737,
    2.719332255476282,
    1.503215281973441,
    1.9725010952386102,
    2.416314182295353,
    3.246470546498341,
    1.44908323633713,
    4.333374589318543,
    1.476537062314228,
    2.255011339513106,
    1.7115862375652269,
    3.3387061544202616,
    2.320293297753309,
    3.497728984925513,
    1.6982888755372982,
    2.6272231271237887,
    2.6151095567051907,
    1.8703035461526343,
    3.202540689027529,
    2.3864055427997037,
    3.7668034011703533,
    3.1870389710189935,
    4.235666714716842,
    4.725477547395524,
    3.019708779648874,
    4.952144033128555,
    7.6286034641950415,
    9.53919698258073,
    7.469412230210276,
    4.32606060309064,
    18.874556138014555,
    12.834337882880213,
    32.01095950037448,
    25.268338853835985
  ],
  "releasePointFrame": 41,
  "actionPhases": {
    "runUp": {
      "start": 0,
      "end": 39
    },
    "delivery": {
      "start": 39,
      "end": 41
    },
    "followThrough": {
      "start": 41,
      "end": 42
    }
  }
}