{
  "armSwingVelocities": [
    14.990709192369236,
    3.2142542044656777,
    1.8476625466496945,
    2.2605096318919378,
    2.9546224918335913,
    1.1991076383880759,
    0.8654866894763831,
    1.1801366246755165,
    1.7686188682803474,
    1.1089864707275054,
    0.8790210890833525,
    1.026678072538518,
    2.966530802031152,
    2.065196106701549,
    3.14032795834195,
    2.398043521918053,
    2.745910007082204,
    1.1518871337132341,
    0.759107547464438,
    0.9897299172518065,
    1.228514938500894,
    1.3145532576263144,
    1.352639352096145,
    1.6837226797579883,
    4.825897714963373,
    2.676509081634892,
    2.3400109419918587,
    1.873966728729558,
    1.3616235821690326,
    1.355679188247006,
    1.0196033121071983,
    0.6062358649389177,
    3.342180790451766,
    1.6477115193834886,
    1.4622302216772385,
    1.1649529366631028,
    3.4686539532205605,
    2.3857207381229277,
    3.6091154938394965,
    1.5312064306093514,
    3.685761727080684,
    1.9964322934905878,
    1.8196469438540543,
    4.135896772353615,
    15.106830628873109,
    4.019993351970798,
    3.2663248830931786,
    2.3094237313787813,
    7.165569211249385,
    3.7365801334402957,
    2.6275431648165717,
    1.9372213103386011,
    4.157068260851387,
    3.8474391107394923,
    4.3283422013329576,
    22.92908127798968,
    26.424367935118767,
    11.454494062805551,
    8.161249493555472,
    15.571666005719202,
    14.456446594364861,
    2.3104755533276093,
    2.9503887597107057,
    7.881054507471023,
    30.061933239611957,
    17.272691822322987,
    7.45496493929293,
    2.558496734271867,
    6.936561191001408,
    3.0002074685580067,
    2.322355369669054,
    1.184705498489214,
    2.88509863598881,
    4.586730789970048,
    2.064819437294407,
    3.3604705771444916,
    6.188006714418625,
    2.452859805940535
  ],
  "bodyMovementVelocities": [
    14.990709192369236,
    2.6827335528881653,
    1.1507379171133676,
    2.1021922134361533,
    2.842689712871078,
    1.4702758968215943,
    0.784376240576119,
    1.1119838144132121,
    1.909616248954526,
    1.3345849939793724,
    0.8971781785523623,
    0.8068767410499087,
    1.5876784659697118,
    2.251138143627526,
    2.3907115420782,
    2.6668457055811925,
    3.02195072854968,
    1.0193411766988818,
    0.836681228011083,
    0.931910438997813,
    2.1843898193416496,
    1.1626664846536499,
    1.1801625884911002,
    0.9547214971575175,
    3.8291286001138696,
    2.4806419170860865,
    2.857070158081438,
    1.728961891909721,
    2.259276848693317,
    1.3053938601251789,
    1.0574034599287063,
    1.1524191292277082,
    3.066209536187075,
    1.7215465866867583,
    1.5353158513012646,
    0.8358679815646193,
    1.7859782601830556,
    1.6714832994561704,
    2.6067770096081966,
    2.043952855234581,
    3.1557002034653414,
    1.2901636827959786,
    1.056111362992465,
    1.2490555250049256,
    3.6183581047844626,
    1.2921330864762615,
    2.033424083992401,
    2.0638324304327207,
    7.251129144977714,
    3.508128647034761,
    2.9435118972644743,
    2.1152048759305,
    2.7132509716726765,
    2.6260468598988886,
    2.987556059652575,
    16.652075752852667,
    8.385858097244437,
    8.340017491526435,
    4.278154203884289,
    9.674583193093719,
    11.883160779562159,
    2.1832222001421635,
    4.171620971760605,
    2.0845268714757585,
    2.8449840516910667,
    14.758552527284607,
    6.619814274282214,
    1.7910529427886863,
    4.198027963542542,
    1.9836886799488243,
    1.28637975011668,
    1.2619281285308421,
    2.677345842754982,
    2.0721508151847936,
    1.6208420098713179,
    0.904606478934138,
    2.486735959385845,
    2.0440874347089837
  ],
  "overallIntensities": [
    29.981418384738472,
    5.896987757353843,
    2.998400463763062,
    4.3627018453280915,
    5.797312204704669,
    2.66938353520967,
    1.649862930052502,
    2.2921204390887286,
    3.6782351172348733,
    2.443571464706878,
    1.7761992676357148,
    1.8335548135884268,
    4.5542092680008635,
    4.316334250329075,
    5.53103950042015,
    5.064889227499245,
    5.767860735631884,
    2.1712283104121157,
    1.595788775475521,
    1.9216403562496196,
    3.4129047578425435,
    2.4772197422799644,
    2.5328019405872455,
    2.638444176915506,
    8.655026315077244,
    5.1571509987209785,
    5.197081100073296,
    3.602928620639279,
    3.620900430862349,
    2.661073048372185,
    2.0770067720359044,
    1.7586549941666259,
    6.408390326638841,
    3.369258106070247,
    2.997546072978503,
    2.0008209182277223,
    5.254632213403616,
    4.057204037579098,
    6.215892503447693,
    3.5751592858439323,
    6.841461930546025,
    3.2865959762865664,
    2.875758306846519,
    5.38495229735854,
    18.72518873365757,
    5.312126438447059,
    5.29974896708558,
    4.3732561618115025,
    14.416698356227098,
    7.244708780475056,
    5.5710550620810455,
    4.052426186269101,
    6.870319232524064,
    6.4734859706383805,
    7.3158982609855325,
    39.58115703084235,
    34.810226032363204,
    19.794511554331987,
    12.439403697439761,
    25.24624919881292,
    26.33960737392702,
    4.493697753469773,
    7.1220097314713104,
    9.965581378946782,
    32.906917291303024,
    32.03124434960759,
    14.074779213575145,
    4.349549677060553,
    11.13458915454395,
    4.983896148506831,
    3.608735119785734,
    2.446633627020056,
    5.562444478743792,
    6.658881605154841,
    3.6856614471657245,
    4.2650770560786295,
    8.67474267380447,
    4.496947240649519
  ],
  "releasePointFrame": 64,
  "actionPhases": {
    "runUp": {
      "start": 0,
      "end": 53
    },
    "delivery": {
      "start": 53,
      "end": 59
    },
    "followThrough": {
      "start": 59,
      "end": 77
    }
  }
}