{
  "armSwingVelocities": [
    1.7438045646632043,
    1.2280230321775298,
    0.9342812946955887,
    1.0608938126447722,
    1.5617646962837375,
    0.8999532300234995,
    1.0637417929440578,
    0.8406125242489514,
    3.7802162963672266,
    2.3445182361042285,
    1.4802390461377453,
    1.6692630482274207,
    2.6339618660368846,
    1.6100934736170354,
    1.9222072884072146,
    1.7550889570327548,
    3.0308783812708517,
    1.264171516699905,
    1.4795712296540342,
    0.9764117495861352,
    3.027828309435624,
    1.975390843414055,
    1.7721588202879772,
    1.3143666284947493,
    3.642880042906195,
    1.8826137022593081,
    2.5637036264213275,
    2.0645354856199374,
    2.348657936772159,
    1.5992249262147749,
    1.5225441016395036,
    1.5567382625918815,
    4.569103082638901,
    2.1956966996912652,
    4.5674794714965286,
    1.9515304459773286,
    3.498702937347484,
    5.515140734851614,
    7.282571787484672,
    5.1650746335419635,
    24.358913856137335,
    5.644583018804085,
    7.694269477552137,
    14.728554411626634,
    7.814428737444675,
    3.23363461184278,
    1.8816639340956798,
    5.6419657980378926,
    4.135325249171487,
    2.3934515483297583,
    1.7805777028391119,
    2.2515652706981317,
    13.040215149929798,
    11.48484688445421,
    2.0596086061807313,
    10.995481877546302,
    4.368229062830429,
    55.53141519289981,
    51.334010561012,
    22.597290270922603,
    23.236984208996482,
    22.66481522711175,
    5.188967471553335
  ],
  "bodyMovementVelocities": [
    1.4472157837074122,
    0.6544283775645575,
    0.8209512881986806,
    1.3270798038728275,
    1.7333256228618936,
    1.2459541651580612,
    0.7733635850242174,
    0.8888646650380697,
    4.291263680647696,
    2.1147032964905645,
    1.726004483676031,
    0.9211651257868156,
    2.067951620207373,
    1.2572345162732523,
    1.035182468037092,
    1.5608032541924506,
    3.2116138897932447,
    1.3626884649380695,
    1.8916936248856075,
    1.3348989562519833,
    4.160824808088942,
    2.2052413923966907,
    1.3080658501784275,
    0.7367981187155396,
    2.450829015761946,
    1.489531733838355,
    2.6335877286906535,
    2.2073455016151904,
    2.3030123041967303,
    1.9274056926242569,
    2.0044394382327595,
    0.8379089435335276,
    5.582912622132443,
    2.029338442531512,
    1.6953959044485452,
    1.38480872428868,
    2.897962043532193,
    1.9437925317644582,
    1.187445603544297,
    1.7092490464939178,
    18.957764405583085,
    5.724076808616787,
    9.825227953689632,
    32.238927095792455,
    7.347953122221971,
    2.1861884479801885,
    1.7266846541690444,
    4.6216929161628295,
    3.875944930116168,
    2.655073424212727,
    1.342531923573068,
    1.5114640874946124,
    10.888127285068983,
    10.418734809138053,
    2.5522517618790808,
    14.089183281508598,
    4.2720693274751875,
    8.049685680272036,
    14.663930403548312,
    6.901804220816224,
    14.15693285127687,
    16.89084551743703,
    4.319641929884853
  ],
  "overallIntensities": [
    3.1910203483706168,
    1.8824514097420875,
    1.7552325828942692,
    2.3879736165175998,
    3.295090319145631,
    2.1459073951815606,
    1.837105377968275,
    1.729477189287021,
    8.071479977014922,
    4.459221532594793,
    3.2062435298137766,
    2.590428174014236,
    4.7019134862442575,
    2.8673279898902875,
    2.9573897564443064,
    3.315892211225205,
    6.242492271064096,
    2.6268599816379745,
    3.3712648545396418,
    2.3113107058381184,
    7.1886531175245665,
    4.180632235810746,
    3.0802246704664045,
    2.0511647472102887,
    6.093709058668141,
    3.372145436097663,
    5.197291355111981,
    4.271880987235128,
    4.6516702409688895,
    3.5266306188390315,
    3.526983539872263,
    2.394647206125409,
    10.152015704771344,
    4.225035142222778,
    6.2628753759450735,
    3.3363391702660086,
    6.396664980879677,
    7.458933266616072,
    8.47001739102897,
    6.874323680035881,
    43.31667826172042,
    11.368659827420872,
    17.519497431241767,
    46.96748150741909,
    15.162381859666645,
    5.419823059822969,
    3.6083485882647244,
    10.263658714200723,
    8.011270179287655,
    5.048524972542485,
    3.12310962641218,
    3.7630293581927443,
    23.928342434998783,
    21.903581693592265,
    4.611860368059812,
    25.0846651590549,
    8.640298390305617,
    63.58110087317184,
    65.99794096456031,
    29.499094491738827,
    37.39391706027335,
    39.555660744548774,
    9.50860940143819
  ],
  "releasePointFrame": 57,
  "actionPhases": {
    "runUp": {
      "start": 0,
      "end": 55
    },
    "delivery": {
      "start": 55,
      "end": 61
    },
    "followThrough": {
      "start": 61,
      "end": 62
    }
  }
}